variable,count,mean,std,min,25%,50%,75%,max,original
dummy1,1000.0,6.3501489419234e-05,0.008797211468517351,-0.0291873256002491,-0.005550902385325275,0.00025065318466264996,0.0056462534995508,0.0280373956155431,0.0123940989850009
dummy2,1000.0,-0.0001672051584775794,0.010459583456930384,-0.0332402323366719,-0.006972179682575625,-0.0002893292649823,0.0066200691410393,0.032957982727876,0.0148149474381309
x1,1000.0,0.1376779211041208,3.065211170986885,-8.12809544187408,-1.922885679739014,0.052816133431867446,2.1394348619113277,28.20486730371826,28.20486730371826
x2,1000.0,0.15037935518532736,8.13921013462867,-21.90153062620563,-5.304253656316511,0.26538686692296753,5.7773417525866995,75.05281852677953,75.05281852677953
x3,1000.0,-0.056610758369515506,1.8935925473413764,-6.1689081635082745,-1.3124292669415065,-0.1203044555220678,1.1434457558354425,17.7541182278273,17.7541182278273
